hour,DO.sat,DO.obs
1.510439934,0.849602054,7.7517723610000004
4.309119161,0.8347792995140302,7.698989997
7.052442459,0.8263180230217525,7.625182092
9.965912402,0.8217359042221569,7.46863164
13.52151112,0.9155597805714262,8.355977469
16.20947849,0.9096380144081319,8.261144023
19.24939303,0.8455152951492599,7.584199281
22.26541711,0.8472505015447828,7.761338254
25.45391862,0.836369705,7.77240944
