hour,DO.sat
1.56872914,0.849602054
5.048883184,0.83077792
7.685494223,0.824908858
9.482875481,0.808919127
13.50033376,0.91551733
15.40616175,0.919337612
17.54182285,0.893550706
19.51481386,0.83804878
21.30726573,0.848431322
23.49468549,0.845735558
25.40297818,0.836369705
